val/loss_simple,val/loss_vlb,val/loss,val/loss_simple_ema,val/loss_vlb_ema,val/loss_ema,epoch,created_at,train/loss_simple_epoch,train/loss_vlb_epoch,train/loss_epoch,lr-AdamW,train/loss_simple_step,train/loss_vlb_step,train/loss_step,global_step
0.07747343927621841,0.0002748609404079616,0.07747343927621841,0.21933257579803467,0.0009036270203068852,0.21933257579803467,0.0,2024-06-25 02:38:20.416918,,,,,,,,
,,,,,,0.0,2024-06-25 02:38:20.450562,0.14929287135601044,0.00244761910289526,0.14929287135601044,,,,,
,,,,,,,2024-06-25 02:39:27.036337,,,,0.032,,,,
,,,,,,1.0,2024-06-25 02:39:27.429755,,,,,0.1217469722032547,0.001147228293120861,0.1217469722032547,49.0
0.22129562497138977,0.0015248791314661503,0.22129562497138977,0.08173384517431259,0.0003228055720683187,0.08173384517431259,1.0,2024-06-25 02:40:00.253405,,,,,,,,
,,,,,,1.0,2024-06-25 02:40:00.266112,0.1390441209077835,0.001541564124636352,0.1390441209077835,,,,,
0.14066287875175476,0.0004784290213137865,0.14066287875175476,0.08762144297361374,0.00029584020376205444,0.08762144297361374,2.0,2024-06-25 02:42:44.207842,,,,,,,,
,,,,,,2.0,2024-06-25 02:42:44.218728,0.13503539562225342,0.0017388262785971165,0.13503539562225342,,,,,
,,,,,,,2024-06-25 02:43:13.540710,,,,0.032,,,,
,,,,,,3.0,2024-06-25 02:43:15.339175,,,,,0.22458405792713165,0.0021557107102125883,0.22458405792713165,99.0
0.030095364898443222,0.00011887256550835446,0.030095364898443222,0.11640671640634537,0.0004914815654046834,0.11640671640634537,3.0,2024-06-25 02:44:23.433080,,,,,,,,
,,,,,,3.0,2024-06-25 02:44:23.470258,0.12326639890670776,0.0009656942565925419,0.12326639890670776,,,,,
,,,,,,,2024-06-25 02:45:09.762309,,,,0.032,,,,
,,,,,,4.0,2024-06-25 02:45:10.206906,,,,,0.07237671315670013,0.00029124540742486715,0.07237671315670013,149.0
0.09515812993049622,0.0003219463978894055,0.09515812993049622,0.17095942795276642,0.0012418465921655297,0.17095942795276642,4.0,2024-06-25 02:45:37.652199,,,,,,,,
,,,,,,4.0,2024-06-25 02:45:37.672109,0.12808305025100708,0.005964010022580624,0.12808305025100708,,,,,
0.10356210172176361,0.0004782462783623487,0.10356210172176361,0.1479213684797287,0.0006879291031509638,0.1479213684797287,5.0,2024-06-25 02:47:35.648489,,,,,,,,
,,,,,,5.0,2024-06-25 02:47:35.663048,0.1535637229681015,0.0020645232871174812,0.1535637229681015,,,,,
,,,,,,,2024-06-25 02:48:07.465997,,,,0.032,,,,
,,,,,,6.0,2024-06-25 02:48:09.277231,,,,,0.11470188200473785,0.000551836856175214,0.11470188200473785,199.0
0.19041360914707184,0.0014393513556569815,0.19041360914707184,0.03061327338218689,0.00010954246681649238,0.03061327338218689,6.0,2024-06-25 02:49:27.050752,,,,,,,,
,,,,,,6.0,2024-06-25 02:49:27.107123,0.12492304295301437,0.001228121342137456,0.12492304295301437,,,,,
,,,,,,,2024-06-25 02:50:56.103635,,,,0.032,,,,
,,,,,,7.0,2024-06-25 02:50:56.554306,,,,,0.24731193482875824,0.0028465595096349716,0.24731193482875824,249.0
0.06828390806913376,0.00024513760581612587,0.06828390806913376,0.13321131467819214,0.0010417712619528174,0.13321131467819214,7.0,2024-06-25 02:51:13.543098,,,,,,,,
,,,,,,7.0,2024-06-25 02:51:13.876741,0.13400213420391083,0.002382964361459017,0.13400213420391083,,,,,
0.07332878559827805,0.0002633010153658688,0.07332878559827805,0.01495026983320713,6.528557423735037e-05,0.01495026983320713,8.0,2024-06-25 02:52:37.796925,,,,,,,,
,,,,,,8.0,2024-06-25 02:52:37.816747,0.1440822184085846,0.005401165224611759,0.1440822184085846,,,,,
,,,,,,,2024-06-25 02:53:05.546856,,,,0.032,,,,
,,,,,,9.0,2024-06-25 02:53:09.746827,,,,,0.1907753199338913,0.00896252691745758,0.1907753199338913,299.0
0.08392121642827988,0.0003529037639964372,0.08392121642827988,0.24712805449962616,0.0014383291127160192,0.24712805449962616,9.0,2024-06-25 02:53:43.744383,,,,,,,,
,,,,,,9.0,2024-06-25 02:53:43.773913,0.15283025801181793,0.0015235868049785495,0.15283025801181793,,,,,
,,,,,,,2024-06-25 02:54:16.966744,,,,0.032,,,,
,,,,,,10.0,2024-06-25 02:54:17.380893,,,,,0.1395515352487564,0.0006093962583690882,0.1395515352487564,349.0
0.13648681342601776,0.0009756818180903792,0.13648681342601776,0.1497982293367386,0.0018434239318594337,0.1497982293367386,10.0,2024-06-25 02:54:19.765869,,,,,,,,
,,,,,,10.0,2024-06-25 02:54:19.818943,0.12979011237621307,0.0013661242555826902,0.12979011237621307,,,,,
0.3324567377567291,0.003038158407434821,0.3324567377567291,0.3305368423461914,0.004361741244792938,0.3305368423461914,11.0,2024-06-25 02:54:47.677783,,,,,,,,
,,,,,,11.0,2024-06-25 02:54:47.690688,0.12617488205432892,0.0015547812217846513,0.12617488205432892,,,,,
,,,,,,,2024-06-25 02:55:00.733405,,,,0.032,,,,
,,,,,,12.0,2024-06-25 02:55:02.562812,,,,,0.09030471742153168,0.0008888932643458247,0.09030471742153168,399.0
0.09532589465379715,0.0009719798690639436,0.09532589465379715,0.2505817711353302,0.009242037311196327,0.2505817711353302,12.0,2024-06-25 02:55:13.515286,,,,,,,,
,,,,,,12.0,2024-06-25 02:55:13.537428,0.1260385662317276,0.0015385911101475358,0.1260385662317276,,,,,
0.0330289825797081,0.0001266391045646742,0.0330289825797081,0.10016977041959763,0.0004077337507624179,0.10016977041959763,13.0,2024-06-25 02:55:33.506803,,,,,,,,
,,,,,,13.0,2024-06-25 02:55:33.524263,0.11602268368005753,0.0031378897838294506,0.11602268368005753,,,,,
,,,,,,,2024-06-25 02:55:34.971953,,,,0.032,,,,
,,,,,,14.0,2024-06-25 02:55:35.364370,,,,,0.20442849397659302,0.003603215329349041,0.20442849397659302,449.0
0.2071356624364853,0.0009409924387000501,0.2071356624364853,0.0686027929186821,0.00027811844483949244,0.0686027929186821,14.0,2024-06-25 02:56:00.522437,,,,,,,,
,,,,,,14.0,2024-06-25 02:56:00.536563,0.13045839965343475,0.001896573114208877,0.13045839965343475,,,,,
,,,,,,,2024-06-25 02:56:11.425781,,,,0.032,,,,
,,,,,,15.0,2024-06-25 02:56:13.507017,,,,,0.248061865568161,0.0029942430555820465,0.248061865568161,499.0
0.07809562981128693,0.0002677472948562354,0.07809562981128693,0.11097867041826248,0.00046672564349137247,0.11097867041826248,15.0,2024-06-25 02:57:20.139123,,,,,,,,
,,,,,,15.0,2024-06-25 02:57:20.180199,0.13406988978385925,0.0015553386183455586,0.13406988978385925,,,,,
0.08406888693571091,0.00028034759452566504,0.08406888693571091,0.07821249216794968,0.0003185982059221715,0.07821249216794968,16.0,2024-06-25 02:57:48.028702,,,,,,,,
,,,,,,16.0,2024-06-25 02:57:48.051566,0.1419234275817871,0.0013697362737730145,0.1419234275817871,,,,,
,,,,,,,2024-06-25 02:57:51.996867,,,,0.032,,,,
,,,,,,17.0,2024-06-25 02:57:52.393570,,,,,0.1416916400194168,0.0011356743052601814,0.1416916400194168,549.0
0.08022361248731613,0.00033124437322840095,0.08022361248731613,0.27252647280693054,0.0024409533943980932,0.27252647280693054,17.0,2024-06-25 02:58:06.856710,,,,,,,,
,,,,,,17.0,2024-06-25 02:58:06.876261,0.1268642097711563,0.0035453757736831903,0.1268642097711563,,,,,
,,,,,,,2024-06-25 02:58:23.686720,,,,0.032,,,,
,,,,,,18.0,2024-06-25 02:58:26.126027,,,,,0.1408258080482483,0.0021617973688989878,0.1408258080482483,599.0
0.13377951085567474,0.0012788113672286272,0.13377951085567474,0.2546268105506897,0.0014386827824637294,0.2546268105506897,18.0,2024-06-25 02:58:30.808919,,,,,,,,
,,,,,,18.0,2024-06-25 02:58:30.827124,0.13866601884365082,0.005373235791921616,0.13866601884365082,,,,,
0.056413669139146805,0.000200813272385858,0.056413669139146805,0.037055086344480515,0.00013132189633324742,0.037055086344480515,19.0,2024-06-25 02:58:50.238322,,,,,,,,
,,,,,,19.0,2024-06-25 02:58:50.260142,0.14652429521083832,0.002114471746608615,0.14652429521083832,,,,,
,,,,,,,2024-06-25 02:58:55.750874,,,,0.032,,,,
,,,,,,20.0,2024-06-25 02:58:56.152067,,,,,0.14432471990585327,0.0020115412771701813,0.14432471990585327,649.0
0.2591565251350403,0.004047938622534275,0.2591565251350403,0.04151463508605957,0.0001507358392700553,0.04151463508605957,20.0,2024-06-25 02:59:08.667408,,,,,,,,
,,,,,,20.0,2024-06-25 02:59:08.681020,0.15359096229076385,0.00295973289757967,0.15359096229076385,,,,,
,,,,,,,2024-06-25 02:59:24.908088,,,,0.032,,,,
,,,,,,21.0,2024-06-25 02:59:27.116179,,,,,0.09130731225013733,0.0004372821422293782,0.09130731225013733,699.0
0.3346218168735504,0.007272760849446058,0.3346218168735504,0.07332991063594818,0.0002491953200660646,0.07332991063594818,21.0,2024-06-25 02:59:30.103841,,,,,,,,
,,,,,,21.0,2024-06-25 02:59:30.156967,0.1317734569311142,0.0014242196921259165,0.1317734569311142,,,,,
0.21320277452468872,0.007931755855679512,0.21320277452468872,0.13461562991142273,0.0004753899993374944,0.13461562991142273,22.0,2024-06-25 02:59:49.258646,,,,,,,,
,,,,,,22.0,2024-06-25 02:59:49.273008,0.148275688290596,0.0020950341131538153,0.148275688290596,,,,,
,,,,,,,2024-06-25 02:59:57.640903,,,,0.032,,,,
,,,,,,23.0,2024-06-25 02:59:58.034764,,,,,0.09889820218086243,0.0003891838132403791,0.09889820218086243,749.0
0.013754226267337799,6.351901538437232e-05,0.013754226267337799,0.3214876353740692,0.0035202892031520605,0.3214876353740692,23.0,2024-06-25 03:00:08.540532,,,,,,,,
,,,,,,23.0,2024-06-25 03:00:08.550646,0.13018405437469482,0.002689882880076766,0.13018405437469482,,,,,
,,,,,,,2024-06-25 03:00:24.510708,,,,0.032,,,,
,,,,,,24.0,2024-06-25 03:00:26.521409,,,,,0.028451979160308838,0.00010754470713436604,0.028451979160308838,799.0
0.02184504270553589,9.334898641100153e-05,0.02184504270553589,0.22285424172878265,0.0012504234910011292,0.22285424172878265,24.0,2024-06-25 03:00:28.319991,,,,,,,,
,,,,,,24.0,2024-06-25 03:00:28.337218,0.13073325157165527,0.0035373589489609003,0.13073325157165527,,,,,
0.1714099943637848,0.0008397293859161437,0.1714099943637848,0.16350530087947845,0.0007027733372524381,0.16350530087947845,25.0,2024-06-25 03:00:49.501825,,,,,,,,
,,,,,,25.0,2024-06-25 03:00:49.516230,0.11607328802347183,0.0009989574318751693,0.11607328802347183,,,,,
,,,,,,,2024-06-25 03:00:59.352657,,,,0.032,,,,
,,,,,,26.0,2024-06-25 03:00:59.752847,,,,,0.19106677174568176,0.0011274724965915084,0.19106677174568176,849.0
0.08206450939178467,0.00027271686121821404,0.08206450939178467,0.2008727490901947,0.0009238184429705143,0.2008727490901947,26.0,2024-06-25 03:01:08.737942,,,,,,,,
,,,,,,26.0,2024-06-25 03:01:08.756915,0.14084012806415558,0.0014438522048294544,0.14084012806415558,,,,,
0.08055859804153442,0.000276207341812551,0.08055859804153442,0.01743534952402115,7.709611963946372e-05,0.01743534952402115,27.0,2024-06-25 03:01:27.256802,,,,,,,,
,,,,,,27.0,2024-06-25 03:01:27.276678,0.12280616909265518,0.0011739704059436917,0.12280616909265518,,,,,
,,,,,,,2024-06-25 03:01:30.264056,,,,0.032,,,,
,,,,,,28.0,2024-06-25 03:01:32.097480,,,,,0.31167519092559814,0.012352748773992062,0.31167519092559814,899.0
0.051960110664367676,0.000182829171535559,0.051960110664367676,0.10150042921304703,0.0005149275530129671,0.10150042921304703,28.0,2024-06-25 03:01:46.168757,,,,,,,,
,,,,,,28.0,2024-06-25 03:01:46.182132,0.12283730506896973,0.0009560179314576089,0.12283730506896973,,,,,
,,,,,,,2024-06-25 03:01:58.841006,,,,0.032,,,,
,,,,,,29.0,2024-06-25 03:01:59.252080,,,,,0.23398134112358093,0.0010607152944430709,0.23398134112358093,949.0
0.1004997119307518,0.00034815838444046676,0.1004997119307518,0.23570983111858368,0.0019109119893983006,0.23570983111858368,29.0,2024-06-25 03:02:06.540484,,,,,,,,
,,,,,,29.0,2024-06-25 03:02:06.568353,0.12901024520397186,0.0024952979292720556,0.12901024520397186,,,,,
0.16200992465019226,0.0008273700950667262,0.16200992465019226,0.22429382801055908,0.001166417496278882,0.22429382801055908,30.0,2024-06-25 03:02:26.086982,,,,,,,,
,,,,,,30.0,2024-06-25 03:02:26.102890,0.14444398880004883,0.005321089643985033,0.14444398880004883,,,,,
,,,,,,,2024-06-25 03:02:30.130134,,,,0.032,,,,
,,,,,,31.0,2024-06-25 03:02:32.270205,,,,,0.19041895866394043,0.0028900722973048687,0.19041895866394043,999.0
0.10863666981458664,0.0006179547635838389,0.10863666981458664,0.13273131847381592,0.001083802548237145,0.13273131847381592,31.0,2024-06-25 03:03:40.028797,,,,,,,,
,,,,,,31.0,2024-06-25 03:03:40.046830,0.1434294432401657,0.005450440105050802,0.1434294432401657,,,,,
,,,,,,,2024-06-25 03:03:54.917112,,,,0.032,,,,
,,,,,,32.0,2024-06-25 03:03:55.334914,,,,,0.12706436216831207,0.004289491567760706,0.12706436216831207,1049.0
0.04861295968294144,0.00017141179705504328,0.04861295968294144,0.1516173630952835,0.0006985815125517547,0.1516173630952835,32.0,2024-06-25 03:03:59.811515,,,,,,,,
,,,,,,32.0,2024-06-25 03:03:59.823482,0.12858787178993225,0.003801851999014616,0.12858787178993225,,,,,
0.08076747506856918,0.0002830868470482528,0.08076747506856918,0.11662226915359497,0.00041737552965059876,0.11662226915359497,33.0,2024-06-25 03:04:20.831325,,,,,,,,
,,,,,,33.0,2024-06-25 03:04:20.847146,0.1374366283416748,0.0024933251552283764,0.1374366283416748,,,,,
,,,,,,,2024-06-25 03:04:27.070094,,,,0.032,,,,
,,,,,,34.0,2024-06-25 03:04:28.973559,,,,,0.15724381804466248,0.0009420120040886104,0.15724381804466248,1099.0
0.05007718503475189,0.00017953549104277045,0.05007718503475189,0.17096637189388275,0.001307187252677977,0.17096637189388275,34.0,2024-06-25 03:04:40.823263,,,,,,,,
,,,,,,34.0,2024-06-25 03:04:40.840366,0.13789422810077667,0.0018134942511096597,0.13789422810077667,,,,,
,,,,,,,2024-06-25 03:04:56.616806,,,,0.032,,,,
,,,,,,35.0,2024-06-25 03:04:57.009749,,,,,0.24941475689411163,0.001902132062241435,0.24941475689411163,1149.0
0.1185992956161499,0.0004274205130059272,0.1185992956161499,0.1004362627863884,0.00034028550726361573,0.1004362627863884,35.0,2024-06-25 03:04:59.810908,,,,,,,,
,,,,,,35.0,2024-06-25 03:04:59.834668,0.13952867686748505,0.00249896920286119,0.13952867686748505,,,,,
0.026038790121674538,0.00010516280599404126,0.026038790121674538,0.2590769827365875,0.001495504635386169,0.2590769827365875,36.0,2024-06-25 03:05:19.486295,,,,,,,,
,,,,,,36.0,2024-06-25 03:05:19.520221,0.1215740218758583,0.0011939797550439835,0.1215740218758583,,,,,
,,,,,,,2024-06-25 03:05:27.866122,,,,0.032,,,,
,,,,,,37.0,2024-06-25 03:05:29.875609,,,,,0.05497646704316139,0.00020680521265603602,0.05497646704316139,1199.0
0.32002943754196167,0.04504556581377983,0.32002943754196167,0.10053698718547821,0.0005640052258968353,0.10053698718547821,37.0,2024-06-25 03:05:38.319859,,,,,,,,
,,,,,,37.0,2024-06-25 03:05:38.339313,0.14542239904403687,0.003739911364391446,0.14542239904403687,,,,,
0.011271890252828598,4.798193185706623e-05,0.011271890252828598,0.08379939198493958,0.0003090171667281538,0.08379939198493958,38.0,2024-06-25 03:05:58.209389,,,,,,,,
,,,,,,38.0,2024-06-25 03:05:58.242754,0.12279852479696274,0.00137532246299088,0.12279852479696274,,,,,
,,,,,,,2024-06-25 03:06:00.257427,,,,0.032,,,,
,,,,,,39.0,2024-06-25 03:06:00.736192,,,,,0.10143260657787323,0.00040648216963745654,0.10143260657787323,1249.0
0.35878878831863403,0.002145405625924468,0.35878878831863403,0.16997979581356049,0.0006314236088655889,0.16997979581356049,39.0,2024-06-25 03:06:18.598190,,,,,,,,
,,,,,,39.0,2024-06-25 03:06:18.614109,0.12504544854164124,0.0013992558233439922,0.12504544854164124,,,,,
,,,,,,,2024-06-25 03:06:28.049950,,,,0.032,,,,
,,,,,,40.0,2024-06-25 03:06:30.142351,,,,,0.12129946053028107,0.0029282497707754374,0.12129946053028107,1299.0
0.4528219401836395,0.04141828045248985,0.4528219401836395,0.037133827805519104,0.00013662510900758207,0.037133827805519104,40.0,2024-06-25 03:06:37.104382,,,,,,,,
,,,,,,40.0,2024-06-25 03:06:37.118196,0.1457034945487976,0.002777897985652089,0.1457034945487976,,,,,
0.1324133574962616,0.000657936092466116,0.1324133574962616,0.006428753957152367,3.3910851925611496e-05,0.006428753957152367,41.0,2024-06-25 03:06:57.393876,,,,,,,,
,,,,,,41.0,2024-06-25 03:06:57.420614,0.13975383341312408,0.007028055377304554,0.13975383341312408,,,,,
,,,,,,,2024-06-25 03:07:01.245512,,,,0.032,,,,
,,,,,,42.0,2024-06-25 03:07:01.651274,,,,,0.09916378557682037,0.000917495577596128,0.09916378557682037,1349.0
0.1065058559179306,0.0004179995448794216,0.1065058559179306,0.045431360602378845,0.00015951441309880465,0.045431360602378845,42.0,2024-06-25 03:07:17.334733,,,,,,,,
,,,,,,42.0,2024-06-25 03:07:17.382161,0.13327637314796448,0.0013777499552816153,0.13327637314796448,,,,,
,,,,,,,2024-06-25 03:07:30.266454,,,,0.032,,,,
,,,,,,43.0,2024-06-25 03:07:32.410813,,,,,0.1294952780008316,0.0006547163939103484,0.1294952780008316,1399.0
0.06906752288341522,0.00023774091096129268,0.06906752288341522,0.23508264124393463,0.0012322614202275872,0.23508264124393463,43.0,2024-06-25 03:07:37.602795,,,,,,,,
,,,,,,43.0,2024-06-25 03:07:37.620333,0.1362023651599884,0.0010490745771676302,0.1362023651599884,,,,,
0.20628823339939117,0.0010011220583692193,0.20628823339939117,0.05014408007264137,0.00017811439465731382,0.05014408007264137,44.0,2024-06-25 03:07:59.037273,,,,,,,,
,,,,,,44.0,2024-06-25 03:07:59.054661,0.13284538686275482,0.0014408170245587826,0.13284538686275482,,,,,
,,,,,,,2024-06-25 03:08:05.003920,,,,0.032,,,,
,,,,,,45.0,2024-06-25 03:08:05.399512,,,,,0.15336541831493378,0.000998901086859405,0.15336541831493378,1449.0
0.047565754503011703,0.0001760866871336475,0.047565754503011703,0.03682525083422661,0.00013569185102824122,0.03682525083422661,45.0,2024-06-25 03:08:18.092043,,,,,,,,
,,,,,,45.0,2024-06-25 03:08:18.116488,0.12968643009662628,0.0010094231693074107,0.12968643009662628,,,,,
,,,,,,,2024-06-25 03:08:33.237626,,,,0.032,,,,
,,,,,,46.0,2024-06-25 03:08:35.391412,,,,,0.062136996537446976,0.00021182579803280532,0.062136996537446976,1499.0
0.2219400703907013,0.0012180840130895376,0.2219400703907013,0.11597022414207458,0.0004939309437759221,0.11597022414207458,46.0,2024-06-25 03:09:32.900302,,,,,,,,
,,,,,,46.0,2024-06-25 03:09:32.946735,0.13694146275520325,0.002903830260038376,0.13694146275520325,,,,,
0.20446091890335083,0.0012215947499498725,0.20446091890335083,0.07628511637449265,0.00026985598378814757,0.07628511637449265,47.0,2024-06-25 03:09:53.049144,,,,,,,,
,,,,,,47.0,2024-06-25 03:09:53.064069,0.13950993120670319,0.004232816398143768,0.13950993120670319,,,,,
,,,,,,,2024-06-25 03:10:01.836434,,,,0.032,,,,
,,,,,,48.0,2024-06-25 03:10:02.238796,,,,,0.1075892373919487,0.0009598592296242714,0.1075892373919487,1549.0
0.08034105598926544,0.00031073964782990515,0.08034105598926544,0.22712431848049164,0.0026466925628483295,0.22712431848049164,48.0,2024-06-25 03:10:12.803843,,,,,,,,
,,,,,,48.0,2024-06-25 03:10:12.819018,0.12319644540548325,0.0015563206980004907,0.12319644540548325,,,,,
,,,,,,,2024-06-25 03:10:28.620618,,,,0.032,,,,
,,,,,,49.0,2024-06-25 03:10:30.495180,,,,,0.08706287294626236,0.00030591266113333404,0.08706287294626236,1599.0
0.04881778731942177,0.00017127140017692,0.04881778731942177,0.0698685571551323,0.00025611204910092056,0.0698685571551323,49.0,2024-06-25 03:10:32.159869,,,,,,,,
,,,,,,49.0,2024-06-25 03:10:32.185590,0.13594353199005127,0.0034936699084937572,0.13594353199005127,,,,,
0.08889094740152359,0.00032030855072662234,0.08889094740152359,0.10181491076946259,0.0003675734915304929,0.10181491076946259,50.0,2024-06-25 03:10:51.107551,,,,,,,,
,,,,,,50.0,2024-06-25 03:10:51.135285,0.14068178832530975,0.0032194675877690315,0.14068178832530975,,,,,
,,,,,,,2024-06-25 03:11:01.646534,,,,0.032,,,,
,,,,,,51.0,2024-06-25 03:11:02.053418,,,,,0.24910269677639008,0.0016677554231137037,0.24910269677639008,1649.0
0.14838138222694397,0.0005204990156926215,0.14838138222694397,0.09796541184186935,0.0004412257403600961,0.09796541184186935,51.0,2024-06-25 03:11:11.404658,,,,,,,,
,,,,,,51.0,2024-06-25 03:11:11.436524,0.14094020426273346,0.0020159350242465734,0.14094020426273346,,,,,
0.08191663771867752,0.000339445163263008,0.08191663771867752,0.09033723920583725,0.00030963667086325586,0.09033723920583725,52.0,2024-06-25 03:11:29.875102,,,,,,,,
,,,,,,52.0,2024-06-25 03:11:29.894728,0.1283423751592636,0.0033345569390803576,0.1283423751592636,,,,,
,,,,,,,2024-06-25 03:11:32.695393,,,,0.032,,,,
,,,,,,53.0,2024-06-25 03:11:35.068924,,,,,0.08632220327854156,0.0010151355527341366,0.08632220327854156,1699.0
0.12580543756484985,0.0004762444004882127,0.12580543756484985,0.0323885940015316,0.0001282544544665143,0.0323885940015316,53.0,2024-06-25 03:11:50.402862,,,,,,,,
,,,,,,53.0,2024-06-25 03:11:50.419211,0.12165691703557968,0.001967111835256219,0.12165691703557968,,,,,
,,,,,,,2024-06-25 03:12:03.773676,,,,0.032,,,,
,,,,,,54.0,2024-06-25 03:12:04.166291,,,,,0.14238807559013367,0.0006623532390221953,0.14238807559013367,1749.0
0.018054384738206863,6.713924085488543e-05,0.018054384738206863,0.08174295723438263,0.0002712661516852677,0.08174295723438263,54.0,2024-06-25 03:12:11.950482,,,,,,,,
,,,,,,54.0,2024-06-25 03:12:11.966240,0.1216999739408493,0.0033507582265883684,0.1216999739408493,,,,,
0.04416051134467125,0.0001924216194311157,0.04416051134467125,0.14594165980815887,0.0010746292537078261,0.14594165980815887,55.0,2024-06-25 03:12:30.510107,,,,,,,,
,,,,,,55.0,2024-06-25 03:12:30.524941,0.13835133612155914,0.0014621936716139317,0.13835133612155914,,,,,
,,,,,,,2024-06-25 03:12:35.511290,,,,0.032,,,,
,,,,,,56.0,2024-06-25 03:12:37.651688,,,,,0.070436030626297,0.0002474963548593223,0.070436030626297,1799.0
0.11392395943403244,0.00048417370999231935,0.11392395943403244,0.031545840203762054,0.00011206063209101558,0.031545840203762054,56.0,2024-06-25 03:12:51.122276,,,,,,,,
,,,,,,56.0,2024-06-25 03:12:51.149685,0.1160409078001976,0.0015840312698855996,0.1160409078001976,,,,,
,,,,,,,2024-06-25 03:13:05.215474,,,,0.032,,,,
,,,,,,57.0,2024-06-25 03:13:05.619367,,,,,0.17538024485111237,0.003018477698788047,0.17538024485111237,1849.0
0.17314410209655762,0.0007033887086436152,0.17314410209655762,0.11029193550348282,0.0005586822517216206,0.11029193550348282,57.0,2024-06-25 03:13:10.839326,,,,,,,,
,,,,,,57.0,2024-06-25 03:13:11.100572,0.13227494060993195,0.0009907761123031378,0.13227494060993195,,,,,
0.15530645847320557,0.0005474058561958373,0.15530645847320557,0.18261019885540009,0.001909071346744895,0.18261019885540009,58.0,2024-06-25 03:13:32.205141,,,,,,,,
,,,,,,58.0,2024-06-25 03:13:32.227181,0.14234411716461182,0.003504561260342598,0.14234411716461182,,,,,
,,,,,,,2024-06-25 03:13:38.276375,,,,0.032,,,,
,,,,,,59.0,2024-06-25 03:13:40.094743,,,,,0.03863401710987091,0.00014015438500791788,0.03863401710987091,1899.0
0.09758500754833221,0.00034501924528740346,0.09758500754833221,0.052788104861974716,0.00018464340246282518,0.052788104861974716,59.0,2024-06-25 03:13:51.701424,,,,,,,,
,,,,,,59.0,2024-06-25 03:13:51.718266,0.13997483253479004,0.001789310947060585,0.13997483253479004,,,,,
,,,,,,,2024-06-25 03:14:07.994870,,,,0.032,,,,
,,,,,,60.0,2024-06-25 03:14:08.429046,,,,,0.1531801074743271,0.0009148800745606422,0.1531801074743271,1949.0
0.14714732766151428,0.0006368088652379811,0.14714732766151428,0.2657502293586731,0.003851704066619277,0.2657502293586731,60.0,2024-06-25 03:14:11.120915,,,,,,,,
,,,,,,60.0,2024-06-25 03:14:11.150504,0.1475151628255844,0.001971130259335041,0.1475151628255844,,,,,
0.0065751830115914345,3.389868652448058e-05,0.0065751830115914345,0.11750029027462006,0.0005274483701214194,0.11750029027462006,61.0,2024-06-25 03:14:31.762755,,,,,,,,
,,,,,,61.0,2024-06-25 03:14:31.779015,0.14641641080379486,0.00298382923938334,0.14641641080379486,,,,,
,,,,,,,2024-06-25 03:14:40.169412,,,,0.032,,,,
,,,,,,62.0,2024-06-25 03:14:42.120783,,,,,0.1451360285282135,0.0008986789034679532,0.1451360285282135,1999.0
0.041749972850084305,0.00015081044693943113,0.041749972850084305,0.03431106358766556,0.000125247985124588,0.03431106358766556,62.0,2024-06-25 03:15:45.402736,,,,,,,,
,,,,,,62.0,2024-06-25 03:15:45.447290,0.1578303426504135,0.006451069377362728,0.1578303426504135,,,,,
0.014106076210737228,5.971540667815134e-05,0.014106076210737228,0.2963988184928894,0.004272096790373325,0.2963988184928894,63.0,2024-06-25 03:16:05.882171,,,,,,,,
,,,,,,63.0,2024-06-25 03:16:05.896755,0.13925836980342865,0.0019495043670758605,0.13925836980342865,,,,,
,,,,,,,2024-06-25 03:16:07.656786,,,,0.032,,,,
,,,,,,64.0,2024-06-25 03:16:08.091996,,,,,0.16255074739456177,0.000996578368358314,0.16255074739456177,2049.0
0.21129314601421356,0.0053812116384506226,0.21129314601421356,0.005778241902589798,2.9557750167441554e-05,0.005778241902589798,64.0,2024-06-25 03:16:25.351606,,,,,,,,
,,,,,,64.0,2024-06-25 03:16:25.367001,0.11958073079586029,0.0013847803929820657,0.11958073079586029,,,,,
,,,,,,,2024-06-25 03:16:34.538680,,,,0.032,,,,
,,,,,,65.0,2024-06-25 03:16:37.910894,,,,,0.14049845933914185,0.0008869369048625231,0.14049845933914185,2099.0
0.09869669377803802,0.00045176848652772605,0.09869669377803802,0.09428491443395615,0.0003915771667379886,0.09428491443395615,65.0,2024-06-25 03:16:45.649527,,,,,,,,
,,,,,,65.0,2024-06-25 03:16:45.664907,0.13296915590763092,0.0044875782914459705,0.13296915590763092,,,,,
0.16098308563232422,0.0026987730525434017,0.16098308563232422,0.11369740217924118,0.00043409314821474254,0.11369740217924118,66.0,2024-06-25 03:17:05.792467,,,,,,,,
,,,,,,66.0,2024-06-25 03:17:05.829031,0.1281662881374359,0.001135344267822802,0.1281662881374359,,,,,
,,,,,,,2024-06-25 03:17:09.395683,,,,0.032,,,,
,,,,,,67.0,2024-06-25 03:17:09.820531,,,,,0.11927106231451035,0.0005297987954691052,0.11927106231451035,2149.0
0.024632345885038376,9.410151687916368e-05,0.024632345885038376,0.07055804878473282,0.00024300292716361582,0.07055804878473282,67.0,2024-06-25 03:17:23.746725,,,,,,,,
,,,,,,67.0,2024-06-25 03:17:23.837495,0.13694912195205688,0.0021612911950796843,0.13694912195205688,,,,,
,,,,,,,2024-06-25 03:17:36.233443,,,,0.032,,,,
,,,,,,68.0,2024-06-25 03:17:38.094828,,,,,0.061679646372795105,0.00021816458320245147,0.061679646372795105,2199.0
0.22019363939762115,0.004339108243584633,0.22019363939762115,0.16663458943367004,0.0009288688888773322,0.16663458943367004,68.0,2024-06-25 03:17:43.297339,,,,,,,,
,,,,,,68.0,2024-06-25 03:17:43.314474,0.1413179337978363,0.004972507245838642,0.1413179337978363,,,,,
0.14234620332717896,0.000770815066061914,0.14234620332717896,0.07330773770809174,0.0002936618693638593,0.07330773770809174,69.0,2024-06-25 03:18:02.300394,,,,,,,,
,,,,,,69.0,2024-06-25 03:18:02.354741,0.13238604366779327,0.001350563601590693,0.13238604366779327,,,,,
,,,,,,,2024-06-25 03:18:07.663645,,,,0.032,,,,
,,,,,,70.0,2024-06-25 03:18:08.053429,,,,,0.1513063609600067,0.001668911543674767,0.1513063609600067,2249.0
0.11602663993835449,0.000532781530637294,0.11602663993835449,0.09954091161489487,0.0003978108870796859,0.09954091161489487,70.0,2024-06-25 03:18:20.095611,,,,,,,,
,,,,,,70.0,2024-06-25 03:18:20.111878,0.14151319861412048,0.0013284377055242658,0.14151319861412048,,,,,
,,,,,,,2024-06-25 03:18:33.800913,,,,0.032,,,,
,,,,,,71.0,2024-06-25 03:18:35.758537,,,,,0.17121157050132751,0.0010146781569346786,0.17121157050132751,2299.0
0.06616602838039398,0.0002439130621496588,0.06616602838039398,0.20543856918811798,0.005457938648760319,0.20543856918811798,71.0,2024-06-25 03:18:39.288311,,,,,,,,
,,,,,,71.0,2024-06-25 03:18:39.307806,0.1190829798579216,0.002584440167993307,0.1190829798579216,,,,,
0.11010352522134781,0.0004281591682229191,0.11010352522134781,0.08805987983942032,0.00034909063833765686,0.08805987983942032,72.0,2024-06-25 03:18:59.327028,,,,,,,,
,,,,,,72.0,2024-06-25 03:18:59.345868,0.12247813493013382,0.002055375836789608,0.12247813493013382,,,,,
,,,,,,,2024-06-25 03:19:07.986385,,,,0.032,,,,
,,,,,,73.0,2024-06-25 03:19:08.377062,,,,,0.13274353742599487,0.0005924358265474439,0.13274353742599487,2349.0
0.0866989716887474,0.0003016083501279354,0.0866989716887474,0.06856520473957062,0.00023359978513326496,0.06856520473957062,73.0,2024-06-25 03:19:19.487463,,,,,,,,
,,,,,,73.0,2024-06-25 03:19:19.526203,0.1191844791173935,0.0008987948531284928,0.1191844791173935,,,,,
,,,,,,,2024-06-25 03:19:35.828592,,,,0.032,,,,
,,,,,,74.0,2024-06-25 03:19:37.414823,,,,,0.06060859560966492,0.00020538903481792659,0.06060859560966492,2399.0
0.259592741727829,0.0016085151582956314,0.259592741727829,0.14269301295280457,0.0009791393531486392,0.14269301295280457,74.0,2024-06-25 03:19:39.109228,,,,,,,,
,,,,,,74.0,2024-06-25 03:19:39.128395,0.14439064264297485,0.005077522713690996,0.14439064264297485,,,,,
0.03647834062576294,0.00014046694559510797,0.03647834062576294,0.1591745764017105,0.0007858292083255947,0.1591745764017105,75.0,2024-06-25 03:19:56.632773,,,,,,,,
,,,,,,75.0,2024-06-25 03:19:56.735759,0.13659898936748505,0.004589679650962353,0.13659898936748505,,,,,
,,,,,,,2024-06-25 03:20:08.348153,,,,0.032,,,,
,,,,,,76.0,2024-06-25 03:20:08.738165,,,,,0.1304471790790558,0.0010590201709419489,0.1304471790790558,2449.0
0.044919125735759735,0.00016141256492119282,0.044919125735759735,0.10898689180612564,0.0003704302362166345,0.10898689180612564,76.0,2024-06-25 03:20:17.376686,,,,,,,,
,,,,,,76.0,2024-06-25 03:20:17.396473,0.12087278068065643,0.003455584868788719,0.12087278068065643,,,,,
0.09346496313810349,0.0003980901965405792,0.09346496313810349,0.07347267121076584,0.00025832775281742215,0.07347267121076584,77.0,2024-06-25 03:20:36.931929,,,,,,,,
,,,,,,77.0,2024-06-25 03:20:37.130268,0.1205170750617981,0.0008817408815957606,0.1205170750617981,,,,,
,,,,,,,2024-06-25 03:20:40.022175,,,,0.032,,,,
,,,,,,78.0,2024-06-25 03:20:42.046385,,,,,0.08486147224903107,0.00030315437470562756,0.08486147224903107,2499.0
0.1494435966014862,0.0006526930956169963,0.1494435966014862,0.10088211297988892,0.00033437347155995667,0.10088211297988892,78.0,2024-06-25 03:21:51.205041,,,,,,,,
,,,,,,78.0,2024-06-25 03:21:51.220520,0.1333428919315338,0.0010326079791411757,0.1333428919315338,,,,,
,,,,,,,2024-06-25 03:22:03.393012,,,,0.032,,,,
,,,,,,79.0,2024-06-25 03:22:03.781467,,,,,0.10900485515594482,0.0004640567349269986,0.10900485515594482,2549.0
0.03885680064558983,0.0001469052949687466,0.03885680064558983,0.42956802248954773,0.005894800182431936,0.42956802248954773,79.0,2024-06-25 03:22:11.119299,,,,,,,,
,,,,,,79.0,2024-06-25 03:22:11.143451,0.13300831615924835,0.0028141443617641926,0.13300831615924835,,,,,
0.08107352256774902,0.0002721556811593473,0.08107352256774902,0.011054578237235546,5.325713937054388e-05,0.011054578237235546,80.0,2024-06-25 03:22:30.286556,,,,,,,,
,,,,,,80.0,2024-06-25 03:22:30.305541,0.1456569880247116,0.004767044447362423,0.1456569880247116,,,,,
,,,,,,,2024-06-25 03:22:34.954062,,,,0.032,,,,
,,,,,,81.0,2024-06-25 03:22:36.878426,,,,,0.15274596214294434,0.0008279605535790324,0.15274596214294434,2599.0
0.07104552537202835,0.0002550387871451676,0.07104552537202835,0.13862572610378265,0.0004765516787301749,0.13862572610378265,81.0,2024-06-25 03:22:50.493922,,,,,,,,
,,,,,,81.0,2024-06-25 03:22:50.515102,0.12017014622688293,0.001018987037241459,0.12017014622688293,,,,,
,,,,,,,2024-06-25 03:23:03.990823,,,,0.032,,,,
,,,,,,82.0,2024-06-25 03:23:04.404452,,,,,0.05927212908864021,0.00023665140906814486,0.05927212908864021,2649.0
0.10446528345346451,0.0003556324518285692,0.10446528345346451,0.2418236881494522,0.0026584055740386248,0.2418236881494522,82.0,2024-06-25 03:23:08.919427,,,,,,,,
,,,,,,82.0,2024-06-25 03:23:08.979184,0.137693390250206,0.003546864492818713,0.137693390250206,,,,,
0.16668656468391418,0.0008003017283044755,0.16668656468391418,0.012544234283268452,4.791678657056764e-05,0.012544234283268452,83.0,2024-06-25 03:23:28.328566,,,,,,,,
,,,,,,83.0,2024-06-25 03:23:28.344459,0.15757450461387634,0.006196062080562115,0.15757450461387634,,,,,
,,,,,,,2024-06-25 03:23:34.001671,,,,0.032,,,,
,,,,,,84.0,2024-06-25 03:23:35.895378,,,,,0.08002713322639465,0.00030045624589547515,0.08002713322639465,2699.0
0.018518345430493355,7.998489309102297e-05,0.018518345430493355,0.10312946885824203,0.00036433013156056404,0.10312946885824203,84.0,2024-06-25 03:23:47.852462,,,,,,,,
,,,,,,84.0,2024-06-25 03:23:47.872032,0.13576537370681763,0.0019461053889244795,0.13576537370681763,,,,,
,,,,,,,2024-06-25 03:24:03.390322,,,,0.032,,,,
,,,,,,85.0,2024-06-25 03:24:03.809426,,,,,0.05141326040029526,0.00018674203602131456,0.05141326040029526,2749.0
0.2151278853416443,0.0021105485502630472,0.2151278853416443,0.15434378385543823,0.000643251754809171,0.15434378385543823,85.0,2024-06-25 03:24:06.498929,,,,,,,,
,,,,,,85.0,2024-06-25 03:24:06.538484,0.14417389035224915,0.002058974467217922,0.14417389035224915,,,,,
0.09058821201324463,0.0003106901131104678,0.09058821201324463,0.46003323793411255,0.04747336730360985,0.46003323793411255,86.0,2024-06-25 03:24:27.238487,,,,,,,,
,,,,,,86.0,2024-06-25 03:24:27.311773,0.12583239376544952,0.0019795058760792017,0.12583239376544952,,,,,
,,,,,,,2024-06-25 03:24:35.417458,,,,0.032,,,,
,,,,,,87.0,2024-06-25 03:24:37.522338,,,,,0.16114696860313416,0.0012148328823968768,0.16114696860313416,2799.0
0.0917445719242096,0.0003473123360890895,0.0917445719242096,0.021656598895788193,8.586111653130502e-05,0.021656598895788193,87.0,2024-06-25 03:24:46.140912,,,,,,,,
,,,,,,87.0,2024-06-25 03:24:46.167695,0.1322045475244522,0.0028053484857082367,0.1322045475244522,,,,,
0.09836884588003159,0.000368365814210847,0.09836884588003159,0.3964271545410156,0.00355822267010808,0.3964271545410156,88.0,2024-06-25 03:25:06.867476,,,,,,,,
,,,,,,88.0,2024-06-25 03:25:06.886176,0.11854888498783112,0.0038023621309548616,0.11854888498783112,,,,,
,,,,,,,2024-06-25 03:25:09.008837,,,,0.032,,,,
,,,,,,89.0,2024-06-25 03:25:09.862136,,,,,0.11037307977676392,0.000420497206505388,0.11037307977676392,2849.0
0.17035354673862457,0.0018250319408252835,0.17035354673862457,0.1014644056558609,0.0012946644565090537,0.1014644056558609,89.0,2024-06-25 03:25:27.322455,,,,,,,,
,,,,,,89.0,2024-06-25 03:25:27.348860,0.1269126981496811,0.0013028169050812721,0.1269126981496811,,,,,
,,,,,,,2024-06-25 03:25:36.983742,,,,0.032,,,,
,,,,,,90.0,2024-06-25 03:25:38.918507,,,,,0.15459200739860535,0.0009676367044448853,0.15459200739860535,2899.0
0.04542088136076927,0.00016643095295876265,0.04542088136076927,0.03711334988474846,0.0001386651274515316,0.03711334988474846,90.0,2024-06-25 03:25:45.690756,,,,,,,,
,,,,,,90.0,2024-06-25 03:25:45.741783,0.13445085287094116,0.0012299924856051803,0.13445085287094116,,,,,
0.11273050308227539,0.0004714004753623158,0.11273050308227539,0.029010821133852005,0.00011369348067091778,0.029010821133852005,91.0,2024-06-25 03:26:05.471882,,,,,,,,
,,,,,,91.0,2024-06-25 03:26:05.494209,0.14234614372253418,0.004587999545037746,0.14234614372253418,,,,,
,,,,,,,2024-06-25 03:26:09.120189,,,,0.032,,,,
,,,,,,92.0,2024-06-25 03:26:09.546274,,,,,0.048892952501773834,0.00017222194583155215,0.048892952501773834,2949.0
0.2858084440231323,0.0027030440978705883,0.2858084440231323,0.13074906170368195,0.0007081078365445137,0.13074906170368195,92.0,2024-06-25 03:26:23.656340,,,,,,,,
,,,,,,92.0,2024-06-25 03:26:23.678700,0.12993907928466797,0.00225905142724514,0.12993907928466797,,,,,
,,,,,,,2024-06-25 03:26:36.257632,,,,0.032,,,,
,,,,,,93.0,2024-06-25 03:26:38.122897,,,,,0.06417226046323776,0.0002236636937595904,0.06417226046323776,2999.0
0.0735129788517952,0.0002650007954798639,0.0735129788517952,0.05868258699774742,0.00020381096692290157,0.05868258699774742,93.0,2024-06-25 03:27:37.552111,,,,,,,,
,,,,,,93.0,2024-06-25 03:27:37.596236,0.12744717299938202,0.004523112904280424,0.12744717299938202,,,,,
0.13187871873378754,0.0007175551145337522,0.13187871873378754,0.1531265825033188,0.0011227399809285998,0.1531265825033188,94.0,2024-06-25 03:27:57.918367,,,,,,,,
,,,,,,94.0,2024-06-25 03:27:57.935414,0.12470370531082153,0.002020284766331315,0.12470370531082153,,,,,
,,,,,,,2024-06-25 03:28:03.319695,,,,0.032,,,,
,,,,,,95.0,2024-06-25 03:28:03.729923,,,,,0.1606665849685669,0.0046136281453073025,0.1606665849685669,3049.0
0.03452644124627113,0.00012924695329274982,0.03452644124627113,0.17387278378009796,0.0007220663246698678,0.17387278378009796,95.0,2024-06-25 03:28:16.653315,,,,,,,,
,,,,,,95.0,2024-06-25 03:28:16.673176,0.1350807100534439,0.0017334871226921678,0.1350807100534439,,,,,
,,,,,,,2024-06-25 03:28:31.944672,,,,0.032,,,,
,,,,,,96.0,2024-06-25 03:28:33.950165,,,,,0.10292230546474457,0.0069383615627884865,0.10292230546474457,3099.0
0.0669124647974968,0.00022443715715780854,0.0669124647974968,0.029078230261802673,0.00010869403195101768,0.029078230261802673,96.0,2024-06-25 03:28:37.727310,,,,,,,,
,,,,,,96.0,2024-06-25 03:28:37.746419,0.114687480032444,0.001496013137511909,0.114687480032444,,,,,
0.19855591654777527,0.0011290714610368013,0.19855591654777527,0.26428166031837463,0.0019034425495192409,0.26428166031837463,97.0,2024-06-25 03:28:55.847006,,,,,,,,
,,,,,,97.0,2024-06-25 03:28:55.882857,0.13874848186969757,0.002803659299388528,0.13874848186969757,,,,,
,,,,,,,2024-06-25 03:29:04.396688,,,,0.032,,,,
,,,,,,98.0,2024-06-25 03:29:04.788969,,,,,0.1138906180858612,0.0014780429191887379,0.1138906180858612,3149.0
0.09615741670131683,0.0003227493434678763,0.09615741670131683,0.00895818043500185,4.433297362993471e-05,0.00895818043500185,98.0,2024-06-25 03:29:15.725165,,,,,,,,
,,,,,,98.0,2024-06-25 03:29:15.742948,0.1275218278169632,0.002143129473552108,0.1275218278169632,,,,,
,,,,,,,2024-06-25 03:29:31.740418,,,,0.032,,,,
,,,,,,99.0,2024-06-25 03:29:33.642984,,,,,0.014142543077468872,6.321635737549514e-05,0.014142543077468872,3199.0
0.2510612905025482,0.0034455345012247562,0.2510612905025482,0.23294207453727722,0.0013702407013624907,0.23294207453727722,99.0,2024-06-25 03:29:35.158438,,,,,,,,
,,,,,,99.0,2024-06-25 03:29:35.183560,0.12985461950302124,0.0015748328296467662,0.12985461950302124,,,,,
0.2193184494972229,0.0019590931478887796,0.2193184494972229,0.4188440442085266,0.045451339334249496,0.4188440442085266,100.0,2024-06-25 03:29:53.474610,,,,,,,,
,,,,,,100.0,2024-06-25 03:29:53.498199,0.13943366706371307,0.0031351542565971613,0.13943366706371307,,,,,
,,,,,,,2024-06-25 03:30:03.564367,,,,0.032,,,,
,,,,,,101.0,2024-06-25 03:30:03.958350,,,,,0.14511962234973907,0.0015793440397828817,0.14511962234973907,3249.0
0.04516376182436943,0.00016330227663274854,0.04516376182436943,0.14399109780788422,0.0010251052444800735,0.14399109780788422,101.0,2024-06-25 03:30:12.973512,,,,,,,,
,,,,,,101.0,2024-06-25 03:30:13.010320,0.1364731341600418,0.007302834652364254,0.1364731341600418,,,,,
0.10110419243574142,0.0004098881036043167,0.10110419243574142,0.1898680180311203,0.0011005280539393425,0.1898680180311203,102.0,2024-06-25 03:30:30.579551,,,,,,,,
,,,,,,102.0,2024-06-25 03:30:30.609480,0.14182345569133759,0.00391396414488554,0.14182345569133759,,,,,
,,,,,,,2024-06-25 03:30:33.669756,,,,0.032,,,,
,,,,,,103.0,2024-06-25 03:30:35.562778,,,,,0.12240534275770187,0.00048548178165219724,0.12240534275770187,3299.0
0.06796316057443619,0.00024326522543560714,0.06796316057443619,0.05339089781045914,0.0001941895898198709,0.05339089781045914,103.0,2024-06-25 03:30:50.516580,,,,,,,,
,,,,,,103.0,2024-06-25 03:30:50.535896,0.12825973331928253,0.0024490738287568092,0.12825973331928253,,,,,
,,,,,,,2024-06-25 03:31:02.154326,,,,0.032,,,,
,,,,,,104.0,2024-06-25 03:31:02.544709,,,,,0.19130980968475342,0.0038338901940733194,0.19130980968475342,3349.0
0.14279721677303314,0.0006093994015827775,0.14279721677303314,0.03708220645785332,0.00013486902753356844,0.03708220645785332,104.0,2024-06-25 03:31:10.479525,,,,,,,,
,,,,,,104.0,2024-06-25 03:31:10.498438,0.13385893404483795,0.004098435398191214,0.13385893404483795,,,,,
0.06862226128578186,0.00023487808357458562,0.06862226128578186,0.16123734414577484,0.000639110803604126,0.16123734414577484,105.0,2024-06-25 03:31:30.030154,,,,,,,,
,,,,,,105.0,2024-06-25 03:31:30.048402,0.1451272815465927,0.0011823589447885752,0.1451272815465927,,,,,
,,,,,,,2024-06-25 03:31:36.154176,,,,0.032,,,,
,,,,,,106.0,2024-06-25 03:31:37.986070,,,,,0.04891803860664368,0.00017977999232243747,0.04891803860664368,3399.0
0.06908910721540451,0.00024371356994379312,0.06908910721540451,0.08416552096605301,0.00028069576364941895,0.08416552096605301,106.0,2024-06-25 03:31:51.434067,,,,,,,,
,,,,,,106.0,2024-06-25 03:31:51.456194,0.13569603860378265,0.0061711822636425495,0.13569603860378265,,,,,
,,,,,,,2024-06-25 03:32:04.447042,,,,0.032,,,,
,,,,,,107.0,2024-06-25 03:32:04.841371,,,,,0.08939032256603241,0.0003873418318107724,0.08939032256603241,3449.0
0.1839240938425064,0.0010169327724725008,0.1839240938425064,0.032753460109233856,0.00011697728041326627,0.032753460109233856,107.0,2024-06-25 03:32:09.508955,,,,,,,,
,,,,,,107.0,2024-06-25 03:32:09.529351,0.14204509556293488,0.001682718051597476,0.14204509556293488,,,,,
0.05304582789540291,0.0001901613431982696,0.05304582789540291,0.3375833034515381,0.00336427497677505,0.3375833034515381,108.0,2024-06-25 03:32:29.358320,,,,,,,,
,,,,,,108.0,2024-06-25 03:32:29.375768,0.1378588080406189,0.0021450091153383255,0.1378588080406189,,,,,
,,,,,,,2024-06-25 03:32:35.661465,,,,0.032,,,,
,,,,,,109.0,2024-06-25 03:32:37.686998,,,,,0.18259607255458832,0.0014685553032904863,0.18259607255458832,3499.0
0.03308214247226715,0.00012428039917722344,0.03308214247226715,0.12185823172330856,0.0005131945945322514,0.12185823172330856,109.0,2024-06-25 03:33:43.331074,,,,,,,,
,,,,,,109.0,2024-06-25 03:33:43.349655,0.12902836501598358,0.0035712372045964003,0.12902836501598358,,,,,
,,,,,,,2024-06-25 03:33:59.198342,,,,0.032,,,,
,,,,,,110.0,2024-06-25 03:33:59.607128,,,,,0.08366015553474426,0.0003403106820769608,0.08366015553474426,3549.0
0.15165983140468597,0.001192243304103613,0.15165983140468597,0.1510782092809677,0.0005985904135741293,0.1510782092809677,110.0,2024-06-25 03:34:02.299527,,,,,,,,
,,,,,,110.0,2024-06-25 03:34:02.316492,0.12280324846506119,0.0016230487963184714,0.12280324846506119,,,,,
0.0687599703669548,0.0002366978587815538,0.0687599703669548,0.2935730516910553,0.004057330545037985,0.2935730516910553,111.0,2024-06-25 03:34:22.443778,,,,,,,,
,,,,,,111.0,2024-06-25 03:34:22.460624,0.12335449457168579,0.0010439695324748755,0.12335449457168579,,,,,
,,,,,,,2024-06-25 03:34:30.131878,,,,0.032,,,,
,,,,,,112.0,2024-06-25 03:34:32.258997,,,,,0.19816595315933228,0.005887885577976704,0.19816595315933228,3599.0
0.158791646361351,0.002007201313972473,0.158791646361351,0.15736187994480133,0.0009841430000960827,0.15736187994480133,112.0,2024-06-25 03:34:40.609784,,,,,,,,
,,,,,,112.0,2024-06-25 03:34:40.781231,0.14280715584754944,0.002736728871241212,0.14280715584754944,,,,,
0.044309668242931366,0.00016639668319839984,0.044309668242931366,0.19142112135887146,0.0017748636892065406,0.19142112135887146,113.0,2024-06-25 03:35:01.249103,,,,,,,,
,,,,,,113.0,2024-06-25 03:35:01.269715,0.15023326873779297,0.006018979474902153,0.15023326873779297,,,,,
,,,,,,,2024-06-25 03:35:03.271554,,,,0.032,,,,
,,,,,,114.0,2024-06-25 03:35:03.911189,,,,,0.12749306857585907,0.0004470979911275208,0.12749306857585907,3649.0
0.11081399768590927,0.0006223232485353947,0.11081399768590927,0.15151312947273254,0.0006613332079723477,0.15151312947273254,114.0,2024-06-25 03:35:21.318782,,,,,,,,
,,,,,,114.0,2024-06-25 03:35:21.355785,0.1348084807395935,0.004575740080326796,0.1348084807395935,,,,,
,,,,,,,2024-06-25 03:35:31.235006,,,,0.032,,,,
,,,,,,115.0,2024-06-25 03:35:33.226098,,,,,0.0770835429430008,0.00030496297404170036,0.0770835429430008,3699.0
0.03993335738778114,0.00014288854436017573,0.03993335738778114,0.24419905245304108,0.0039032900240272284,0.24419905245304108,115.0,2024-06-25 03:35:40.002642,,,,,,,,
,,,,,,115.0,2024-06-25 03:35:40.030388,0.11476465314626694,0.0023592275101691484,0.11476465314626694,,,,,
0.05083587393164635,0.00017971692432183772,0.05083587393164635,0.11706192046403885,0.0004576201899908483,0.11706192046403885,116.0,2024-06-25 03:36:01.445354,,,,,,,,
,,,,,,116.0,2024-06-25 03:36:01.472044,0.10375464707612991,0.0022673506755381823,0.10375464707612991,,,,,
,,,,,,,2024-06-25 03:36:05.434431,,,,0.032,,,,
,,,,,,117.0,2024-06-25 03:36:05.849456,,,,,0.11150315403938293,0.00039433076744899154,0.11150315403938293,3749.0
0.023934276774525642,9.441782458452508e-05,0.023934276774525642,0.1429355889558792,0.0005545022431761026,0.1429355889558792,117.0,2024-06-25 03:36:20.643809,,,,,,,,
,,,,,,117.0,2024-06-25 03:36:20.668106,0.13802480697631836,0.0019110019784420729,0.13802480697631836,,,,,
,,,,,,,2024-06-25 03:36:33.494273,,,,0.032,,,,
,,,,,,118.0,2024-06-25 03:36:35.717730,,,,,0.1139138787984848,0.0005138362757861614,0.1139138787984848,3799.0
0.23386923968791962,0.006284588016569614,0.23386923968791962,0.12212999910116196,0.00048425793647766113,0.12212999910116196,118.0,2024-06-25 03:36:41.286856,,,,,,,,
,,,,,,118.0,2024-06-25 03:36:41.311207,0.13564954698085785,0.005590007174760103,0.13564954698085785,,,,,
0.15200962126255035,0.0006349366740323603,0.15200962126255035,0.05790957435965538,0.00019690857152454555,0.05790957435965538,119.0,2024-06-25 03:37:01.630749,,,,,,,,
,,,,,,119.0,2024-06-25 03:37:01.650768,0.13531427085399628,0.003852300113067031,0.13531427085399628,,,,,
,,,,,,,2024-06-25 03:37:07.585747,,,,0.032,,,,
,,,,,,120.0,2024-06-25 03:37:07.994587,,,,,0.20940780639648438,0.002213388681411743,0.20940780639648438,3849.0
0.08115778863430023,0.00029633144731633365,0.08115778863430023,0.029903559014201164,0.00011160681606270373,0.029903559014201164,120.0,2024-06-25 03:37:20.642127,,,,,,,,
,,,,,,120.0,2024-06-25 03:37:20.867666,0.131044402718544,0.001322493189945817,0.131044402718544,,,,,
,,,,,,,2024-06-25 03:37:34.916838,,,,0.032,,,,
,,,,,,121.0,2024-06-25 03:37:37.167338,,,,,0.10855530947446823,0.000755353074055165,0.10855530947446823,3899.0
0.26910942792892456,0.008612697012722492,0.26910942792892456,0.09791280329227448,0.0003541237092576921,0.09791280329227448,121.0,2024-06-25 03:37:40.732535,,,,,,,,
,,,,,,121.0,2024-06-25 03:37:40.787969,0.14638446271419525,0.0025002609472721815,0.14638446271419525,,,,,
0.08118843287229538,0.000288937910227105,0.08118843287229538,0.09774277359247208,0.0004206986050121486,0.09774277359247208,122.0,2024-06-25 03:38:01.819105,,,,,,,,
,,,,,,122.0,2024-06-25 03:38:01.838093,0.14191687107086182,0.00235847313888371,0.14191687107086182,,,,,
,,,,,,,2024-06-25 03:38:10.753625,,,,0.032,,,,
,,,,,,123.0,2024-06-25 03:38:11.205764,,,,,0.18032698333263397,0.0015484652249142528,0.18032698333263397,3949.0
0.12491386383771896,0.0010343583999201655,0.12491386383771896,0.07598093897104263,0.0002710317785385996,0.07598093897104263,123.0,2024-06-25 03:38:21.922285,,,,,,,,
,,,,,,123.0,2024-06-25 03:38:21.976204,0.13294939696788788,0.0013125308323651552,0.13294939696788788,,,,,
,,,,,,,2024-06-25 03:38:39.249993,,,,0.032,,,,
,,,,,,124.0,2024-06-25 03:38:41.247209,,,,,0.13135579228401184,0.0005711692501790822,0.13135579228401184,3999.0
0.0033418561797589064,1.8723405446507968e-05,0.0033418561797589064,0.3076592683792114,0.0022884944919496775,0.3076592683792114,124.0,2024-06-25 03:38:42.865232,,,,,,,,
,,,,,,124.0,2024-06-25 03:38:42.898783,0.13820147514343262,0.0013536367332562804,0.13820147514343262,,,,,
0.09351947158575058,0.00031902719638310373,0.09351947158575058,0.04272792115807533,0.00015433967928402126,0.04272792115807533,125.0,2024-06-25 03:39:55.748631,,,,,,,,
,,,,,,125.0,2024-06-25 03:39:55.824168,0.1365276277065277,0.0011635932605713606,0.1365276277065277,,,,,
,,,,,,,2024-06-25 03:40:06.139975,,,,0.032,,,,
,,,,,,126.0,2024-06-25 03:40:06.556147,,,,,0.09946712851524353,0.00040460616583004594,0.09946712851524353,4049.0
0.07767695933580399,0.00028260613908059895,0.07767695933580399,0.09131108224391937,0.00035181903513148427,0.09131108224391937,126.0,2024-06-25 03:40:15.791959,,,,,,,,
,,,,,,126.0,2024-06-25 03:40:15.815617,0.11548376828432083,0.0013973579043522477,0.11548376828432083,,,,,
0.041932113468647,0.00017967793974094093,0.041932113468647,0.07933495193719864,0.00027649893308989704,0.07933495193719864,127.0,2024-06-25 03:40:34.278197,,,,,,,,
,,,,,,127.0,2024-06-25 03:40:34.321078,0.13406305015087128,0.002023616572842002,0.13406305015087128,,,,,
,,,,,,,2024-06-25 03:40:37.775931,,,,0.032,,,,
,,,,,,128.0,2024-06-25 03:40:39.705917,,,,,0.3040877878665924,0.003387556876987219,0.3040877878665924,4099.0
0.11867305636405945,0.0004976717755198479,0.11867305636405945,0.3045862913131714,0.002366376109421253,0.3045862913131714,128.0,2024-06-25 03:40:55.120604,,,,,,,,
,,,,,,128.0,2024-06-25 03:40:55.135884,0.14212283492088318,0.0015730212908238173,0.14212283492088318,,,,,
,,,,,,,2024-06-25 03:41:06.604775,,,,0.032,,,,
,,,,,,129.0,2024-06-25 03:41:07.021081,,,,,0.10938030481338501,0.007708837743848562,0.10938030481338501,4149.0
0.13789594173431396,0.0007972933817654848,0.13789594173431396,0.11667188256978989,0.0004204261931590736,0.11667188256978989,129.0,2024-06-25 03:41:14.620266,,,,,,,,
,,,,,,129.0,2024-06-25 03:41:14.683090,0.12702491879463196,0.0014198381686583161,0.12702491879463196,,,,,
0.14777493476867676,0.0006453953683376312,0.14777493476867676,0.03928587958216667,0.00014479462697636336,0.03928587958216667,130.0,2024-06-25 03:41:33.098702,,,,,,,,
,,,,,,130.0,2024-06-25 03:41:33.164568,0.12384477257728577,0.0015085716731846333,0.12384477257728577,,,,,
,,,,,,,2024-06-25 03:41:37.710374,,,,0.032,,,,
,,,,,,131.0,2024-06-25 03:41:39.438441,,,,,0.14000579714775085,0.0005513304495252669,0.14000579714775085,4199.0
0.04508723318576813,0.00015923930914141238,0.04508723318576813,0.11026681214570999,0.0003793884243350476,0.11026681214570999,131.0,2024-06-25 03:41:53.580575,,,,,,,,
,,,,,,131.0,2024-06-25 03:41:53.620319,0.12956209480762482,0.0023483482655137777,0.12956209480762482,,,,,
,,,,,,,2024-06-25 03:42:07.633200,,,,0.032,,,,
,,,,,,132.0,2024-06-25 03:42:08.035423,,,,,0.16817469894886017,0.003637304762378335,0.16817469894886017,4249.0
0.05232512950897217,0.00018687213014345616,0.05232512950897217,0.1122039258480072,0.0005052632768638432,0.1122039258480072,132.0,2024-06-25 03:42:12.579730,,,,,,,,
,,,,,,132.0,2024-06-25 03:42:12.599313,0.13041511178016663,0.0023356610909104347,0.13041511178016663,,,,,
0.21769501268863678,0.004915239289402962,0.21769501268863678,0.27229344844818115,0.014573226682841778,0.27229344844818115,133.0,2024-06-25 03:42:34.012619,,,,,,,,
,,,,,,133.0,2024-06-25 03:42:34.033821,0.14887529611587524,0.005317538511008024,0.14887529611587524,,,,,
,,,,,,,2024-06-25 03:42:40.153108,,,,0.032,,,,
,,,,,,134.0,2024-06-25 03:42:41.967227,,,,,0.09002822637557983,0.0003992505371570587,0.09002822637557983,4299.0
0.05625489726662636,0.00019112569862045348,0.05625489726662636,0.04323843494057655,0.00015510368393734097,0.04323843494057655,134.0,2024-06-25 03:42:54.392844,,,,,,,,
,,,,,,134.0,2024-06-25 03:42:54.412257,0.1429533213376999,0.0033182331826537848,0.1429533213376999,,,,,
,,,,,,,2024-06-25 03:43:09.735195,,,,0.032,,,,
,,,,,,135.0,2024-06-25 03:43:10.131189,,,,,0.13318602740764618,0.0006853484665043652,0.13318602740764618,4349.0
0.436877578496933,0.007707999087870121,0.436877578496933,0.10334723442792892,0.0003615191671997309,0.10334723442792892,135.0,2024-06-25 03:43:13.223974,,,,,,,,
,,,,,,135.0,2024-06-25 03:43:13.245970,0.1312432885169983,0.001389642828144133,0.1312432885169983,,,,,
0.18662117421627045,0.0015336816431954503,0.18662117421627045,0.022386984899640083,9.15086202439852e-05,0.022386984899640083,136.0,2024-06-25 03:43:33.246219,,,,,,,,
,,,,,,136.0,2024-06-25 03:43:33.265865,0.1373555064201355,0.0016102191293612123,0.1373555064201355,,,,,
,,,,,,,2024-06-25 03:43:41.039581,,,,0.032,,,,
,,,,,,137.0,2024-06-25 03:43:43.002223,,,,,0.10439746081829071,0.0004141165118198842,0.10439746081829071,4399.0
0.18034011125564575,0.0017467618454247713,0.18034011125564575,0.1590428203344345,0.0005923105054534972,0.1590428203344345,137.0,2024-06-25 03:43:51.911408,,,,,,,,
,,,,,,137.0,2024-06-25 03:43:51.943389,0.13305360078811646,0.0009134316351264715,0.13305360078811646,,,,,
0.008661102503538132,4.136402640142478e-05,0.008661102503538132,0.2842429578304291,0.01922694779932499,0.2842429578304291,138.0,2024-06-25 03:44:12.712821,,,,,,,,
,,,,,,138.0,2024-06-25 03:44:12.749542,0.12478213012218475,0.0017809548880904913,0.12478213012218475,,,,,
,,,,,,,2024-06-25 03:44:16.346465,,,,0.032,,,,
,,,,,,139.0,2024-06-25 03:44:16.751445,,,,,0.11204400658607483,0.0004838750755880028,0.11204400658607483,4449.0
0.18490438163280487,0.0008303127833642066,0.18490438163280487,0.07754412293434143,0.00026467579300515354,0.07754412293434143,139.0,2024-06-25 03:44:34.663017,,,,,,,,
,,,,,,139.0,2024-06-25 03:44:34.694502,0.11910434812307358,0.001089564641006291,0.11910434812307358,,,,,
,,,,,,,2024-06-25 03:44:45.094601,,,,0.032,,,,
,,,,,,140.0,2024-06-25 03:44:47.057978,,,,,0.1757790893316269,0.0012870117789134383,0.1757790893316269,4499.0
0.07327387481927872,0.00024726029369048774,0.07327387481927872,0.03902854770421982,0.00014255972928367555,0.03902854770421982,140.0,2024-06-25 03:45:48.936381,,,,,,,,
,,,,,,140.0,2024-06-25 03:45:48.959674,0.11949291080236435,0.0016452932031825185,0.11949291080236435,,,,,
0.16905094683170319,0.0011375785106793046,0.16905094683170319,0.16210247576236725,0.0012990895193070173,0.16210247576236725,141.0,2024-06-25 03:46:09.126415,,,,,,,,
,,,,,,141.0,2024-06-25 03:46:09.150383,0.14410050213336945,0.0035900042857974768,0.14410050213336945,,,,,
,,,,,,,2024-06-25 03:46:13.489004,,,,0.032,,,,
,,,,,,142.0,2024-06-25 03:46:13.884479,,,,,0.09744222462177277,0.0006567374803125858,0.09744222462177277,4549.0
0.21494920551776886,0.0010238615795969963,0.21494920551776886,0.4651126265525818,0.06531049311161041,0.4651126265525818,142.0,2024-06-25 03:46:28.191631,,,,,,,,
,,,,,,142.0,2024-06-25 03:46:28.245554,0.12285071611404419,0.0010380205931141973,0.12285071611404419,,,,,
,,,,,,,2024-06-25 03:46:40.777666,,,,0.032,,,,
,,,,,,143.0,2024-06-25 03:46:42.622702,,,,,0.052453212440013885,0.00021524781186599284,0.052453212440013885,4599.0
0.2111755758523941,0.0008377283811569214,0.2111755758523941,0.07227078825235367,0.00025166699197143316,0.07227078825235367,143.0,2024-06-25 03:46:48.201469,,,,,,,,
,,,,,,143.0,2024-06-25 03:46:48.222619,0.1254393607378006,0.0036922073923051357,0.1254393607378006,,,,,
0.030147584155201912,0.00011965815065195784,0.030147584155201912,0.17530587315559387,0.0006277711363509297,0.17530587315559387,144.0,2024-06-25 03:47:08.246990,,,,,,,,
,,,,,,144.0,2024-06-25 03:47:08.290427,0.1376781463623047,0.0022554099559783936,0.1376781463623047,,,,,
,,,,,,,2024-06-25 03:47:13.787475,,,,0.032,,,,
,,,,,,145.0,2024-06-25 03:47:14.186176,,,,,0.21265897154808044,0.0011532026110216975,0.21265897154808044,4649.0
0.2352413386106491,0.0027796237263828516,0.2352413386106491,0.10071936994791031,0.00033093683305196464,0.10071936994791031,145.0,2024-06-25 03:47:26.817925,,,,,,,,
,,,,,,145.0,2024-06-25 03:47:26.887328,0.1228446438908577,0.0010583169059827924,0.1228446438908577,,,,,
,,,,,,,2024-06-25 03:47:41.120708,,,,0.032,,,,
,,,,,,146.0,2024-06-25 03:47:43.259184,,,,,0.09479876607656479,0.0003893608518410474,0.09479876607656479,4699.0
0.08683326840400696,0.00039357837522402406,0.08683326840400696,0.1936289519071579,0.002945655258372426,0.1936289519071579,146.0,2024-06-25 03:47:47.022901,,,,,,,,
,,,,,,146.0,2024-06-25 03:47:47.047082,0.104374460875988,0.0025379585567861795,0.104374460875988,,,,,
0.21722885966300964,0.001330879284068942,0.21722885966300964,0.044722866266965866,0.00015912677918095142,0.044722866266965866,147.0,2024-06-25 03:48:05.668235,,,,,,,,
,,,,,,147.0,2024-06-25 03:48:05.804056,0.14628006517887115,0.0011028815060853958,0.14628006517887115,,,,,
,,,,,,,2024-06-25 03:48:14.472873,,,,0.032,,,,
,,,,,,148.0,2024-06-25 03:48:14.868988,,,,,0.23549410700798035,0.005209119990468025,0.23549410700798035,4749.0
0.05616043880581856,0.00019776324916165322,0.05616043880581856,0.49079886078834534,0.015135345049202442,0.49079886078834534,148.0,2024-06-25 03:48:25.620739,,,,,,,,
,,,,,,148.0,2024-06-25 03:48:25.665283,0.12114220857620239,0.003675372339785099,0.12114220857620239,,,,,
,,,,,,,2024-06-25 03:48:42.571035,,,,0.032,,,,
,,,,,,149.0,2024-06-25 03:48:44.345499,,,,,0.21191734075546265,0.0011977164540439844,0.21191734075546265,4799.0
0.12915949523448944,0.0004753774555865675,0.12915949523448944,0.37715059518814087,0.0059870341792702675,0.37715059518814087,149.0,2024-06-25 03:48:45.969628,,,,,,,,
,,,,,,149.0,2024-06-25 03:48:46.007310,0.1165580227971077,0.0006869244971312582,0.1165580227971077,,,,,
0.19251759350299835,0.0010933930752798915,0.19251759350299835,0.26210322976112366,0.004157695919275284,0.26210322976112366,150.0,2024-06-25 03:49:04.125995,,,,,,,,
,,,,,,150.0,2024-06-25 03:49:04.151141,0.13554391264915466,0.00113895651884377,0.13554391264915466,,,,,
,,,,,,,2024-06-25 03:49:15.338741,,,,0.032,,,,
,,,,,,151.0,2024-06-25 03:49:15.743555,,,,,0.20467418432235718,0.0013917968608438969,0.20467418432235718,4849.0
0.19646453857421875,0.0009948352817445993,0.19646453857421875,0.26413586735725403,0.0016534124733880162,0.26413586735725403,151.0,2024-06-25 03:49:25.208314,,,,,,,,
,,,,,,151.0,2024-06-25 03:49:25.244266,0.1248653456568718,0.0009702304378151894,0.1248653456568718,,,,,
0.23802578449249268,0.0020573099609464407,0.23802578449249268,0.03775639086961746,0.00013847272202838212,0.03775639086961746,152.0,2024-06-25 03:49:43.821851,,,,,,,,
,,,,,,152.0,2024-06-25 03:49:43.844808,0.13452225923538208,0.0015651962021365762,0.13452225923538208,,,,,
,,,,,,,2024-06-25 03:49:47.000702,,,,0.032,,,,
,,,,,,153.0,2024-06-25 03:49:48.949218,,,,,0.08550868928432465,0.0003146220406051725,0.08550868928432465,4899.0
0.201386496424675,0.0009553454583510756,0.201386496424675,0.015366657637059689,6.861321890028194e-05,0.015366657637059689,153.0,2024-06-25 03:50:03.999276,,,,,,,,
,,,,,,153.0,2024-06-25 03:50:04.020490,0.13220886886119843,0.0015295183984562755,0.13220886886119843,,,,,
,,,,,,,2024-06-25 03:50:16.034102,,,,0.032,,,,
,,,,,,154.0,2024-06-25 03:50:16.435750,,,,,0.03746487572789192,0.00013882463099434972,0.03746487572789192,4949.0
0.1592010110616684,0.0008555147214792669,0.1592010110616684,0.05117585137486458,0.0001804224302759394,0.05117585137486458,154.0,2024-06-25 03:50:23.979847,,,,,,,,
,,,,,,154.0,2024-06-25 03:50:24.035235,0.1255967617034912,0.003360869362950325,0.1255967617034912,,,,,
0.1825278401374817,0.0007957394700497389,0.1825278401374817,0.0735255628824234,0.00025273990468122065,0.0735255628824234,155.0,2024-06-25 03:50:43.415198,,,,,,,,
,,,,,,155.0,2024-06-25 03:50:43.435875,0.1479133665561676,0.004908465780317783,0.1479133665561676,,,,,
,,,,,,,2024-06-25 03:50:47.992170,,,,0.032,,,,
,,,,,,156.0,2024-06-25 03:50:50.168086,,,,,0.1055145412683487,0.0005374287720769644,0.1055145412683487,4999.0
,,,,,,156.0,2024-06-25 03:50:50.516973,0.1204502135515213,0.0007419767207466066,0.1204502135515213,,,,,
